rowNumber,Equipe,Classement FIFA,No.,Joueur,Position,Date de naissance,Age,Selections,Championnat,Club
0,Bresil,3,1,Jefferson,1. Gardien,2 janvier 1983,31,9,Bresil,"Botafogo   "
1,Bresil,3,12,Julio Cesar,1. Gardien,3 septembre 1979,34,80,Etats-Unis,"Toronto FC  "
2,Bresil,3,22,Victor,1. Gardien,21 janvier 1983,31,6,Bresil,"Atletico Mineiro  "
3,Bresil,3,2,Dani Alves,2. Defenseur,6 mai 1983,31,75,Espagne,"Barcelona   "
4,Bresil,3,13,Dante,2. Defenseur,18 octobre 1983,30,12,Allemagne,"Bayern Munich  "
5,Bresil,3,4,David Luiz,2. Defenseur,22 avril 1987,27,36,Angleterre,"Chelsea   "
6,Bresil,3,15,Henrique,2. Defenseur,14 octobre 1986,27,5,Italie,"Napoli   "
7,Bresil,3,23,Maicon,2. Defenseur,26 juillet 1981,32,72,Italie,"Roma   "
8,Bresil,3,6,Marcelo,2. Defenseur,12 mai 1988,26,31,Espagne,"Real Madrid  "
9,Bresil,3,14,Maxwell,2. Defenseur,27 août 1981,32,9,France,"Paris Saint-Germain  "
10,Bresil,3,3,Thiago Silva (c),2. Defenseur,22 septembre 1984,29,46,France,"Paris Saint-Germain  "
11,Bresil,3,20,Bernard,3. Milieu,8 septembre 1992,21,11,Ukraine,"Shakhtar Donetsk  "
12,Bresil,3,5,Fernandinho,3. Milieu,4 mai 1985,29,7,Angleterre,"Manchester City  "
13,Bresil,3,18,Hernanes,3. Milieu,29 mai 1985,29,24,Italie,"Internazionale   "
14,Bresil,3,17,Luiz Gustavo,3. Milieu,23 juillet 1987,26,19,Allemagne,"VfL Wolfsburg  "
15,Bresil,3,11,Oscar,3. Milieu,9 septembre 1991,22,31,Angleterre,"Chelsea   "
16,Bresil,3,8,Paulinho,3. Milieu,25 juillet 1988,25,26,Angleterre,"Tottenham Hotspur  "
17,Bresil,3,16,Ramires,3. Milieu,24 mars 1987,27,42,Angleterre,"Chelsea   "
18,Bresil,3,19,Willian,3. Milieu,9 août 1988,25,7,Angleterre,"Chelsea   "
19,Bresil,3,9,Fred,4. Attaquant,3 octobre 1983,30,33,Bresil,"Fluminense   "
20,Bresil,3,7,Hulk,4. Attaquant,25 juillet 1986,27,35,Russie,"Zenit Saint Petersburg "
21,Bresil,3,21,Jô,4. Attaquant,20 mars 1987,27,17,Bresil,"Atletico Mineiro  "
22,Bresil,3,10,Neymar,4. Attaquant,5 février 1992,22,49,Espagne,"Barcelona   "
23,Cameroun,56,16,Charles Itandje,1. Gardien,2 novembre 1982,31,9,Turquie,"Konyaspor   "
24,Cameroun,56,1,Loec Feudjou,1. Gardien,14 avril 1992,22,2,Cameroun,"Coton Sport  "
25,Cameroun,56,23,Sammy N'Djock,1. Gardien,25 février 1990,24,3,Turquie,"Fethiyespor   "
26,Cameroun,56,22,Allan Nyom,2. Defenseur,10 mai 1988,26,10,Espagne,"Granada   "
27,Cameroun,56,14,Aurelien Chedjou,2. Defenseur,20 juin 1985,28,31,Turquie,"Galatasaray   "
28,Cameroun,56,2,Benoît Assou-Ekotto,2. Defenseur,24 mars 1984,30,22,Angleterre,"Queens Park Rangers "
29,Cameroun,56,4,Cedric Djeugoue,2. Defenseur,28 août 1992,21,3,Cameroun,"Coton Sport  "
30,Cameroun,56,5,Dany Nounkeu,2. Defenseur,11 avril 1986,28,16,Turquie,"Besiktas   "
31,Cameroun,56,12,Henri Bedimo,2. Defenseur,4 juin 1984,30,31,France,"Lyon   "
32,Cameroun,56,3,Nicolas N'Koulou,2. Defenseur,27 mars 1990,24,48,France,"Marseille   "
33,Cameroun,56,6,Alex Song,3. Milieu,9 septembre 1987,26,47,Espagne,"Barcelona   "
34,Cameroun,56,20,Edgar Salli,3. Milieu,17 août 1992,21,9,France,"Lens   "
35,Cameroun,56,18,Eyong Enoh,3. Milieu,23 mars 1986,28,38,Turquie,"Antalyaspor   "
36,Cameroun,56,11,Jean Makoun,3. Milieu,29 mai 1983,31,66,France,"Rennes   "
37,Cameroun,56,21,Joel Matip,3. Milieu,8 août 1991,22,23,Allemagne,"Schalke 4  "
38,Cameroun,56,7,Landry N'Guemo,3. Milieu,28 novembre 1985,28,40,France,"Bordeaux   "
39,Cameroun,56,17,Stephane Mbia,3. Milieu,20 mai 1986,28,49,Espagne,"Sevilla   "
40,Cameroun,56,8,Benjamin Moukandjo,4. Attaquant,12 novembre 1988,25,17,France,"Nancy   "
41,Cameroun,56,19,Fabrice Olinga,4. Attaquant,12 mai 1996,18,8,Belgique,"Zulte Waregem  "
42,Cameroun,56,13,Maxim Choupo-Moting,4. Attaquant,23 mars 1989,25,26,Allemagne,"Mainz 5  "
43,Cameroun,56,15,Pierre Webo,4. Attaquant,20 janvier 1982,32,56,Turquie,"Fenerbahce   "
44,Cameroun,56,9,Samuel Eto'o (c),4. Attaquant,10 mars 1981,33,117,Angleterre,"Chelsea   "
45,Cameroun,56,10,Vincent Aboubakar,4. Attaquant,22 janvier 1992,22,24,France,"Lorient   "
46,Croatie,18,23,Danijel Subasic,1. Gardien,27 octobre 1984,29,6,France,"Monaco   "
47,Croatie,18,12,Oliver Zelenika,1. Gardien,14 mai 1993,21,0,Croatie,"Lokomotiva   "
48,Croatie,18,1,Stipe Pletikosa,1. Gardien,8 janvier 1979,35,111,Russie,"Rostov   "
49,Croatie,18,3,Danijel Pranjic,2. Defenseur,2 décembre 1981,32,50,Grece,"Panathinaikos   "
50,Croatie,18,11,Darijo Srna (c),2. Defenseur,1 mai 1982,32,112,Ukraine,"Shakhtar Donetsk  "
51,Croatie,18,6,Dejan Lovren,2. Defenseur,5 juillet 1989,24,25,Angleterre,"Southampton   "
52,Croatie,18,21,Domagoj Vida,2. Defenseur,29 avril 1989,25,23,Ukraine,"Dynamo Kyiv  "
53,Croatie,18,13,Gordon Schildenfeld,2. Defenseur,18 mars 1985,29,21,Grece,"Panathinaikos   "
54,Croatie,18,2,Sime Vrsaljko,2. Defenseur,10 janvier 1992,22,7,Italie,"Genoa   "
55,Croatie,18,5,Vedran Corluka,2. Defenseur,5 février 1986,28,72,Russie,"Lokomotiv Moscow  "
56,Croatie,18,15,Milan Badelj,3. Milieu,25 février 1989,25,9,Allemagne,"Hamburger SV  "
57,Croatie,18,4,Ivan Perisic,3. Milieu,2 février 1989,25,29,Allemagne,"VfL Wolfsburg  "
58,Croatie,18,7,Ivan Rakitic,3. Milieu,10 mars 1988,26,62,Espagne,"Sevilla   "
59,Croatie,18,10,Luka Modric,3. Milieu,9 septembre 1985,28,75,Espagne,"Real Madrid  "
60,Croatie,18,14,Marcelo Brozovic,3. Milieu,16 octobre 1992,21,1,Croatie,"Dinamo Zagreb  "
61,Croatie,18,20,Mateo Kovacic,3. Milieu,6 mai 1994,20,10,Italie,"Internazionale   "
62,Croatie,18,8,Ognjen Vukojevic,3. Milieu,20 décembre 1983,30,55,Ukraine,"Dynamo Kyiv  "
63,Croatie,18,19,Sammir,3. Milieu,23 avril 1987,27,6,Espagne,"Getafe   "
64,Croatie,18,16,Ante Rebic,4. Attaquant,21 septembre 1993,20,5,Italie,"Fiorentina   "
65,Croatie,18,22,Eduardo,4. Attaquant,25 février 1983,31,63,Ukraine,"Shakhtar Donetsk  "
66,Croatie,18,18,Ivica Olic,4. Attaquant,14 septembre 1979,34,92,Allemagne,"VfL Wolfsburg  "
67,Croatie,18,17,Mario Mandzukic,4. Attaquant,21 mai 1986,28,50,Allemagne,"Bayern Munich  "
68,Croatie,18,9,Nikica Jelavic,4. Attaquant,27 août 1985,28,33,Angleterre,"Hull City  "
69,Mexique,20,12,Alfredo Talavera,1. Gardien,18 septembre 1982,31,14,Mexique,"Toluca   "
70,Mexique,20,13,Guillermo Ochoa,1. Gardien,13 juillet 1985,28,59,France,"Ajaccio   "
71,Mexique,20,1,Jose de Jesus Corona,1. Gardien,26 janvier 1981,33,34,Mexique,"Cruz Azul  "
72,Mexique,20,18,Andres Guardado,2. Defenseur,28 septembre 1986,27,104,Allemagne,"Bayer Leverkusen  "
73,Mexique,20,3,Carlos Salcido,2. Defenseur,2 avril 1980,34,122,Mexique,"UANL   "
74,Mexique,20,5,Diego Reyes,2. Defenseur,19 septembre 1992,21,14,Portugal,"Porto   "
75,Mexique,20,2,Francisco Javier Rodriguez,2. Defenseur,20 octobre 1981,32,95,Mexique,"America   "
76,Mexique,20,15,Hector Moreno,2. Defenseur,17 janvier 1988,26,53,Espagne,"Espanyol   "
77,Mexique,20,16,Miguel Angel Ponce,2. Defenseur,12 avril 1989,25,8,Mexique,"Toluca   "
78,Mexique,20,7,Miguel Layun,2. Defenseur,25 juin 1988,25,15,Mexique,"America   "
79,Mexique,20,22,Paul Aguilar,2. Defenseur,6 mars 1986,28,30,Mexique,"America   "
80,Mexique,20,4,Rafael Marquez (c),2. Defenseur,13 février 1979,35,120,Mexique,"Leon   "
81,Mexique,20,21,Carlos Pena,3. Milieu,29 mars 1990,24,16,Mexique,"Leon   "
82,Mexique,20,6,Hector Herrera,3. Milieu,19 avril 1990,24,13,Portugal,"Porto   "
83,Mexique,20,17,Isaac Brizuela,3. Milieu,28 août 1990,23,7,Mexique,"Toluca   "
84,Mexique,20,20,Javier Aquino,3. Milieu,11 février 1990,24,22,Espagne,"Villarreal   "
85,Mexique,20,23,Jose Juan Vazquez,3. Milieu,14 mars 1988,26,5,Mexique,"Leon   "
86,Mexique,20,8,Marco Fabian,3. Milieu,21 juillet 1989,24,15,Mexique,"Cruz Azul  "
87,Mexique,20,11,Alan Pulido,4. Attaquant,8 mars 1991,23,6,Mexique,"UANL   "
88,Mexique,20,10,Giovani dos Santos,4. Attaquant,11 mai 1989,25,76,Espagne,"Villarreal   "
89,Mexique,20,14,Javier Hernandez,4. Attaquant,1 juin 1988,26,62,Angleterre,"Manchester United  "
90,Mexique,20,19,Oribe Peralta,4. Attaquant,12 janvier 1984,30,33,Mexique,"Santos Laguna  "
91,Mexique,20,9,Raul Jimenez,4. Attaquant,5 mai 1991,23,25,Mexique,"America   "
92,Australie,62,18,Eugene Galekovic,1. Gardien,12 juin 1981,32,8,Australie,"Adelaide United  "
93,Australie,62,1,Mathew Ryan,1. Gardien,8 avril 1992,22,7,Belgique,"Club Brugge  "
94,Australie,62,12,Mitchell Langerak,1. Gardien,22 août 1988,25,3,Allemagne,"Borussia Dortmund  "
95,Australie,62,22,Alex Wilkinson,2. Defenseur,13 août 1984,29,3,Coree du Sud,"Jeonbuk Hyundai Motors "
96,Australie,62,8,Bailey Wright,2. Defenseur,28 juillet 1992,21,0,Angleterre,"Preston North End "
97,Australie,62,2,Ivan Franjic,2. Defenseur,10 septembre 1987,26,9,Australie,"Brisbane Roar  "
98,Australie,62,3,Jason Davidson,2. Defenseur,29 juin 1991,22,7,Pays-Bas,"Heracles Almelo  "
99,Australie,62,6,Matthew Spiranovic,2. Defenseur,27 juin 1988,25,18,Australie,"Western Sydney Wanderers "
100,Australie,62,19,Ryan McGowan,2. Defenseur,15 août 1989,24,9,Chine,"Shandong Luneng Taishan "
101,Australie,62,10,Ben Halloran,3. Milieu,14 juin 1992,21,2,Allemagne,"Fortuna Düsseldorf  "
102,Australie,62,20,Dario Vidosic,3. Milieu,8 avril 1987,27,23,Suisse,"Sion   "
103,Australie,62,16,James Holland,3. Milieu,15 mai 1989,25,14,Autriche,"Autriche Wien  "
104,Australie,62,14,James Troisi,3. Milieu,3 juillet 1988,25,11,Italie,"Atalanta   "
105,Australie,62,23,Mark Bresciano,3. Milieu,11 février 1980,34,74,Qatar,"Al-Gharafa   "
106,Australie,62,5,Mark Milligan,3. Milieu,4 août 1985,28,29,Australie,"Melbourne Victory  "
107,Australie,62,21,Massimo Luongo,3. Milieu,25 septembre 1992,21,1,Angleterre,"Swindon Town  "
108,Australie,62,17,Matt McKay,3. Milieu,11 janvier 1983,31,47,Australie,"Brisbane Roar  "
109,Australie,62,15,Mile Jedinak (c),3. Milieu,3 août 1984,29,44,Angleterre,"Crystal Palace  "
110,Australie,62,13,Oliver Bozanic,3. Milieu,8 janvier 1989,25,3,Suisse,"Luzern   "
111,Australie,62,11,Tommy Oar,3. Milieu,10 décembre 1991,22,15,Pays-Bas,"Utrecht   "
112,Australie,62,9,Adam Taggart,4. Attaquant,2 juin 1993,21,5,Australie,"Newcastle Jets  "
113,Australie,62,7,Mathew Leckie,4. Attaquant,4 février 1991,23,8,Allemagne,"FSV Frankfurt  "
114,Australie,62,4,Tim Cahill,4. Attaquant,6 décembre 1979,34,69,Etats-Unis,New York Red Bulls
115,Chili,14,1,Claudio Bravo (c),1. Gardien,13 avril 1983,31,79,Espagne,"Real Sociedad  "
116,Chili,14,12,Cristopher Toselli,1. Gardien,22 juin 1988,25,4,Chili,"Universidad Catolica  "
117,Chili,14,23,Johnny Herrera,1. Gardien,9 mai 1981,33,8,Chili,"Universidad de Chili "
118,Chili,14,2,Eugenio Mena,2. Defenseur,18 juillet 1988,25,25,Bresil,"Santos   "
119,Chili,14,17,Gary Medel,2. Defenseur,3 août 1987,26,61,Angleterre,"Cardiff City  "
120,Chili,14,18,Gonzalo Jara,2. Defenseur,29 août 1985,28,65,Angleterre,"Nottingham Forest  "
121,Chili,14,13,Jose Rojas,2. Defenseur,3 juin 1983,31,19,Chili,"Universidad de Chili "
122,Chili,14,3,Miiko Albornoz,2. Defenseur,3 novembre 1990,23,2,Suede,"Malmö FF  "
123,Chili,14,8,Arturo Vidal,3. Milieu,22 mai 1987,27,54,Italie,"Juventus   "
124,Chili,14,6,Carlos Carmona,3. Milieu,21 février 1987,27,44,Italie,"Atalanta   "
125,Chili,14,20,Charles Aranguiz,3. Milieu,17 avril 1989,25,21,Bresil,"Internacional   "
126,Chili,14,14,Fabian Orellana,3. Milieu,27 janvier 1986,28,26,Espagne,"Celta Vigo  "
127,Chili,14,16,Felipe Gutierrez,3. Milieu,8 octobre 1990,23,18,Pays-Bas,"Twente   "
128,Chili,14,5,Francisco Silva,3. Milieu,11 février 1986,28,12,Espagne,"Osasuna   "
129,Chili,14,15,Jean Beausejour,3. Milieu,3 juin 1984,30,59,Angleterre,"Wigan Athletic  "
130,Chili,14,10,Jorge Valdivia,3. Milieu,3 octobre 1983,30,57,Bresil,"Palmeiras   "
131,Chili,14,19,Jose Pedro Fuenzalida,3. Milieu,22 février 1985,29,23,Chili,"Colo-Colo   "
132,Chili,14,21,Marcelo Diaz,3. Milieu,30 décembre 1986,27,21,Suisse,"Basel   "
133,Chili,14,4,Mauricio Isla,3. Milieu,12 juin 1988,25,47,Italie,"Juventus   "
134,Chili,14,7,Alexis Sanchez,4. Attaquant,19 décembre 1988,25,67,Espagne,"Barcelona   "
135,Chili,14,11,Eduardo Vargas,4. Attaquant,20 novembre 1989,24,30,Espagne,"Valencia   "
136,Chili,14,22,Esteban Paredes,4. Attaquant,1 août 1980,33,35,Chili,"Colo-Colo   "
137,Chili,14,9,Mauricio Pinilla,4. Attaquant,4 février 1984,30,27,Italie,"Cagliari   "
138,Espagne,1,12,David de Gea,1. Gardien,7 novembre 1990,23,1,Angleterre,"Manchester United  "
139,Espagne,1,1,Iker Casillas (c),1. Gardien,20 mai 1981,33,154,Espagne,"Real Madrid  "
140,Espagne,1,23,Pepe Reina,1. Gardien,31 août 1982,31,32,Italie,"Napoli   "
141,Espagne,1,22,Cesar Azpilicueta,2. Defenseur,28 août 1989,24,6,Angleterre,"Chelsea   "
142,Espagne,1,3,Gerard Pique,2. Defenseur,2 février 1987,27,60,Espagne,"Barcelona   "
143,Espagne,1,18,Jordi Alba,2. Defenseur,21 mars 1989,25,26,Espagne,"Barcelona   "
144,Espagne,1,5,Juanfran,2. Defenseur,9 janvier 1985,29,8,Espagne,"Atletico Madrid  "
145,Espagne,1,2,Raul Albiol,2. Defenseur,4 septembre 1985,28,46,Italie,"Napoli   "
146,Espagne,1,15,Sergio Ramos,2. Defenseur,30 mars 1986,28,117,Espagne,"Real Madrid  "
147,Espagne,1,6,Andres Iniesta,3. Milieu,11 mai 1984,30,97,Espagne,"Barcelona   "
148,Espagne,1,10,Cesc Fabregas,3. Milieu,4 mai 1987,27,89,Espagne,"Barcelona   "
149,Espagne,1,21,David Silva,3. Milieu,8 janvier 1986,28,80,Angleterre,"Manchester City  "
150,Espagne,1,4,Javi Martinez,3. Milieu,2 septembre 1988,25,17,Allemagne,"Bayern Munich  "
151,Espagne,1,13,Juan Mata,3. Milieu,28 avril 1988,26,33,Angleterre,"Manchester United  "
152,Espagne,1,17,Koke,3. Milieu,8 janvier 1992,22,8,Espagne,"Atletico Madrid  "
153,Espagne,1,20,Santi Cazorla,3. Milieu,13 décembre 1984,29,64,Angleterre,"Arsenal   "
154,Espagne,1,16,Sergio Busquets,3. Milieu,16 juillet 1988,25,65,Espagne,"Barcelona   "
155,Espagne,1,14,Xabi Alonso,3. Milieu,25 novembre 1981,32,111,Espagne,"Real Madrid  "
156,Espagne,1,8,Xavi,3. Milieu,25 janvier 1980,34,132,Espagne,"Barcelona   "
157,Espagne,1,7,David Villa,4. Attaquant,3 décembre 1981,32,96,Espagne,"Atletico Madrid  "
158,Espagne,1,19,Diego Costa,4. Attaquant,7 octobre 1988,25,2,Espagne,"Atletico Madrid  "
159,Espagne,1,9,Fernando Torres,4. Attaquant,20 mars 1984,30,107,Angleterre,"Chelsea   "
160,Espagne,1,11,Pedro,4. Attaquant,28 juillet 1987,26,40,Espagne,"Barcelona   "
161,Pays-Bas,15,1,Jasper Cillessen,1. Gardien,22 avril 1989,25,8,Pays-Bas,"Ajax   "
162,Pays-Bas,15,22,Michel Vorm,1. Gardien,3 octobre 1983,30,14,Angleterre,"Swansea City  "
163,Pays-Bas,15,23,Tim Krul,1. Gardien,3 avril 1988,26,5,Angleterre,"Newcastle United  "
164,Pays-Bas,15,4,Bruno Martins Indi,2. Defenseur,8 février 1992,22,16,Pays-Bas,"Feyenoord   "
165,Pays-Bas,15,5,Daley Blind,2. Defenseur,9 mars 1990,24,12,Pays-Bas,"Ajax   "
166,Pays-Bas,15,7,Daryl Janmaat,2. Defenseur,22 juillet 1989,24,16,Pays-Bas,"Feyenoord   "
167,Pays-Bas,15,13,Joel Veltman,2. Defenseur,15 janvier 1992,22,2,Pays-Bas,"Ajax   "
168,Pays-Bas,15,12,Paul Verhaegh,2. Defenseur,1 septembre 1983,30,2,Allemagne,"Augsburg   "
169,Pays-Bas,15,2,Ron Vlaar,2. Defenseur,16 février 1985,29,24,Angleterre,"Aston Villa  "
170,Pays-Bas,15,3,Stefan de Vrij,2. Defenseur,5 février 1992,22,12,Pays-Bas,"Feyenoord   "
171,Pays-Bas,15,14,Terence Kongolo,2. Defenseur,14 février 1994,20,1,Pays-Bas,"Feyenoord   "
172,Pays-Bas,15,11,Arjen Robben,3. Milieu,23 janvier 1984,30,75,Allemagne,"Bayern Munich  "
173,Pays-Bas,15,20,Georginio Wijnaldum,3. Milieu,11 novembre 1990,23,5,Pays-Bas,"PSV   "
174,Pays-Bas,15,6,Jonathan de Guzman,3. Milieu,13 septembre 1987,26,10,Angleterre,"Swansea City  "
175,Pays-Bas,15,16,Jordy Clasie,3. Milieu,27 juin 1991,22,8,Pays-Bas,"Feyenoord   "
176,Pays-Bas,15,18,Leroy Fer,3. Milieu,5 janvier 1990,24,6,Angleterre,"Norwich City  "
177,Pays-Bas,15,21,Memphis Depay,3. Milieu,13 février 1994,20,6,Pays-Bas,"PSV   "
178,Pays-Bas,15,8,Nigel de Jong,3. Milieu,13 novembre 1984,29,71,Italie,"Milan   "
179,Pays-Bas,15,10,Wesley Sneijder,3. Milieu,9 juin 1984,29,99,Turquie,"Galatasaray   "
180,Pays-Bas,15,15,Dirk Kuyt,4. Attaquant,22 juillet 1980,33,98,Turquie,"Fenerbahce   "
181,Pays-Bas,15,17,Jeremain Lens,4. Attaquant,24 novembre 1987,26,22,Ukraine,"Dynamo Kyiv  "
182,Pays-Bas,15,19,Klaas-Jan Huntelaar,4. Attaquant,12 août 1983,30,62,Allemagne,"Schalke 4  "
183,Pays-Bas,15,9,Robin van Persie (c),4. Attaquant,6 août 1983,30,85,Angleterre,"Manchester United  "
184,Colombie,8,12,Camilo Vargas,1. Gardien,1 septembre 1989,24,0,Colombie,"Santa Fe  "
185,Colombie,8,1,David Ospina,1. Gardien,31 août 1988,25,44,France,"Nice   "
186,Colombie,8,22,Faryd Mondragon,1. Gardien,21 juin 1971,42,50,Colombie,"Deportivo Cali  "
187,Colombie,8,23,Carlos Valdes,2. Defenseur,22 mai 1985,29,14,Argentine,"San Lorenzo  "
188,Colombie,8,2,Cristian Zapata,2. Defenseur,30 septembre 1986,27,24,Italie,"Milan   "
189,Colombie,8,16,Eder Alvarez Balanta,2. Defenseur,28 février 1993,21,3,Argentine,"River Plate  "
190,Colombie,8,18,Juan Camilo Zuniga,2. Defenseur,14 décembre 1985,28,50,Italie,"Napoli   "
191,Colombie,8,3,Mario Yepes (c),2. Defenseur,13 janvier 1976,38,98,Italie,"Atalanta   "
192,Colombie,8,7,Pablo Armero,2. Defenseur,2 novembre 1986,27,53,Angleterre,"West Ham United "
193,Colombie,8,4,Santiago Arias,2. Defenseur,13 janvier 1992,22,6,Pays-Bas,"PSV   "
194,Colombie,8,8,Abel Aguilar,3. Milieu,6 janvier 1985,29,49,France,"Toulouse   "
195,Colombie,8,5,Carlos Carbonero,3. Milieu,25 juillet 1990,23,1,Argentine,"River Plate  "
196,Colombie,8,15,Alexander Mejia,3. Milieu,7 septembre 1988,25,8,Colombie,"Atletico Nacional  "
197,Colombie,8,6,Carlos Sanchez,3. Milieu,6 février 1986,28,44,Espagne,"Elche   "
198,Colombie,8,13,Fredy Guarin,3. Milieu,30 juin 1986,27,49,Italie,"Internazionale   "
199,Colombie,8,10,James Rodriguez,3. Milieu,12 juillet 1991,22,22,France,"Monaco   "
200,Colombie,8,20,Juan Fernando Quintero,3. Milieu,18 janvier 1993,21,4,Portugal,"Porto   "
201,Colombie,8,11,Juan Guillermo Cuadrado,3. Milieu,26 mai 1988,26,28,Italie,"Fiorentina   "
202,Colombie,8,14,Victor Ibarbo,3. Milieu,19 mai 1990,24,9,Italie,"Cagliari   "
203,Colombie,8,19,Adrian Ramos,4. Attaquant,22 janvier 1986,28,26,Allemagne,"Hertha BSC  "
204,Colombie,8,17,Carlos Bacca,4. Attaquant,8 septembre 1986,27,11,Espagne,"Sevilla   "
205,Colombie,8,21,Jackson Martinez,4. Attaquant,3 octobre 1986,27,27,Portugal,"Porto   "
206,Colombie,8,9,Teofilo Gutierrez,4. Attaquant,28 mai 1985,29,30,Argentine,"River Plate  "
207,Cote d'Ivoire,23,1,Boubacar Barry,1. Gardien,30 décembre 1979,34,79,Belgique,"Lokeren   "
208,Cote d'Ivoire,23,23,Sayouba Mande,1. Gardien,5 juin 1993,21,1,Norvege,"Stabæk   "
209,Cote d'Ivoire,23,16,Sylvain Gbohouo,1. Gardien,29 octobre 1988,25,1,Cote d'Ivoire,"Sewe Sport  "
210,Cote d'Ivoire,23,3,Arthur Boka,2. Defenseur,2 avril 1983,31,79,Allemagne,"VfB Stuttgart  "
211,Cote d'Ivoire,23,18,Constant Djakpa,2. Defenseur,17 octobre 1986,27,4,Allemagne,"Eintracht Frankfurt  "
212,Cote d'Ivoire,23,5,Didier Zokora,2. Defenseur,14 décembre 1980,33,119,Turquie,"Trabzonspor   "
213,Cote d'Ivoire,23,7,Jean-Daniel Akpa-Akpro,2. Defenseur,11 octobre 1992,21,1,France,"Toulouse   "
214,Cote d'Ivoire,23,4,Kolo Toure,2. Defenseur,19 mars 1981,33,106,Angleterre,"Liverpool   "
215,Cote d'Ivoire,23,2,Ousmane Viera,2. Defenseur,21 décembre 1986,27,3,Turquie,"caykur Rizespor  "
216,Cote d'Ivoire,23,17,Serge Aurier,2. Defenseur,24 décembre 1992,21,8,France,"Toulouse   "
217,Cote d'Ivoire,23,22,Sol Bamba,2. Defenseur,13 janvier 1985,29,43,Turquie,"Trabzonspor   "
218,Cote d'Ivoire,23,9,Cheick Tiote,3. Milieu,21 juin 1986,27,44,Angleterre,"Newcastle United  "
219,Cote d'Ivoire,23,13,Didier Ya Konan,3. Milieu,25 février 1984,30,25,Allemagne,"Hannover 96  "
220,Cote d'Ivoire,23,14,Ismael Diomande,3. Milieu,28 août 1992,21,1,France,"Saint-etienne   "
221,Cote d'Ivoire,23,20,Serey Die,3. Milieu,7 novembre 1984,29,6,Suisse,"Basel   "
222,Cote d'Ivoire,23,19,Yaya Toure,3. Milieu,13 mai 1983,31,83,Angleterre,"Manchester City  "
223,Cote d'Ivoire,23,11,Didier Drogba (c),4. Attaquant,11 mars 1978,36,100,Turquie,"Galatasaray   "
224,Cote d'Ivoire,23,10,Gervinho,4. Attaquant,27 mai 1987,27,53,Italie,"Roma   "
225,Cote d'Ivoire,23,21,Giovanni Sio,4. Attaquant,31 mars 1989,25,7,Suisse,"Basel   "
226,Cote d'Ivoire,23,6,Mathis Bolly,4. Attaquant,14 novembre 1990,23,3,Allemagne,"Fortuna Düsseldorf  "
227,Cote d'Ivoire,23,15,Max Gradel,4. Attaquant,30 novembre 1987,26,25,France,"Saint-etienne   "
228,Cote d'Ivoire,23,8,Salomon Kalou,4. Attaquant,5 août 1985,28,64,France,"Lille   "
229,Cote d'Ivoire,23,12,Wilfried Bony,4. Attaquant,10 décembre 1988,25,24,Angleterre,"Swansea City  "
230,Grece,12,1,Orestis Karnezis,1. Gardien,11 juillet 1985,28,19,Espagne,"Granada   "
231,Grece,12,12,Panagiotis Glykos,1. Gardien,3 juin 1986,28,2,Grece,"PAOK   "
232,Grece,12,13,Stefanos Kapino,1. Gardien,18 mars 1994,20,2,Grece,"Panathinaikos   "
233,Grece,12,2,Giannis Maniatis,3. Milieu,12 octobre 1986,27,30,Grece,"Olympiacos   "
234,Grece,12,3,Giorgos Tzavellas,2. Defenseur,26 novembre 1987,26,13,Grece,"PAOK   "
235,Grece,12,20,Jose Holebas,2. Defenseur,27 juin 1984,29,22,Grece,"Olympiacos   "
236,Grece,12,4,Kostas Manolas,2. Defenseur,14 juin 1991,22,9,Grece,"Olympiacos   "
237,Grece,12,11,Loukas Vyntra,2. Defenseur,5 février 1981,33,50,Espagne,"Levante   "
238,Grece,12,19,Sokratis Papastathopoulos,2. Defenseur,9 juin 1988,25,47,Allemagne,"Borussia Dortmund  "
239,Grece,12,5,Vangelis Moras,2. Defenseur,26 août 1981,32,19,Italie,"Verona   "
240,Grece,12,15,Vasilis Torosidis,2. Defenseur,10 juin 1985,28,66,Italie,"Roma   "
241,Grece,12,6,Alexandros Tziolis,3. Milieu,13 février 1985,29,49,Turquie,"Kayserispor   "
242,Grece,12,22,Andreas Samaris,3. Milieu,13 juin 1989,24,4,Grece,"Olympiacos   "
243,Grece,12,18,Giannis Fetfatzidis,3. Milieu,21 décembre 1990,23,19,Italie,"Genoa   "
244,Grece,12,10,Giorgos Karagounis (c),3. Milieu,6 mars 1977,37,135,Angleterre,"Fulham   "
245,Grece,12,21,Kostas Katsouranis,3. Milieu,21 juin 1979,34,111,Grece,"PAOK   "
246,Grece,12,16,Lazaros Christodoulopoulos,3. Milieu,19 décembre 1986,27,19,Italie,"Bologna   "
247,Grece,12,8,Panagiotis Kone,3. Milieu,26 juillet 1987,26,16,Italie,"Bologna   "
248,Grece,12,23,Panagiotis Tachtsidis,3. Milieu,15 février 1991,23,6,Italie,"Torino   "
249,Grece,12,14,Dimitris Salpingidis,4. Attaquant,18 août 1981,32,76,Grece,"PAOK   "
250,Grece,12,7,Giorgos Samaras,4. Attaquant,21 février 1985,29,74,Ecosse,"Celtic   "
251,Grece,12,9,Kostas Mitroglou,4. Attaquant,12 mars 1988,26,32,Angleterre,"Fulham   "
252,Grece,12,17,Theofanis Gekas,4. Attaquant,23 mai 1980,34,72,Turquie,"Konyaspor   "
253,Japon,46,1,Eiji Kawashima,1. Gardien,20 mars 1983,31,56,Belgique,"Standard Liege  "
254,Japon,46,23,Shūichi Gonda,1. Gardien,3 mars 1989,25,2,Japon,"F.C. Tokyo  "
255,Japon,46,12,Shusaku Nishikawa,1. Gardien,18 juin 1986,27,12,Japon,"Urawa Red Diamonds "
256,Japon,46,2,Atsuto Uchida,2. Defenseur,27 mars 1988,26,67,Allemagne,"Schalke 4  "
257,Japon,46,3,Gōtoku Sakai,2. Defenseur,14 février 1991,23,12,Allemagne,"VfB Stuttgart  "
258,Japon,46,21,Hiroki Sakai,2. Defenseur,12 avril 1990,24,17,Allemagne,"Hannover 96  "
259,Japon,46,19,Masahiko Inoha,2. Defenseur,28 août 1983,30,21,Japon,"Jubilo Iwata  "
260,Japon,46,6,Masato Morishige,2. Defenseur,21 mai 1987,27,9,Japon,"F.C. Tokyo  "
261,Japon,46,22,Maya Yoshida,2. Defenseur,24 août 1988,25,40,Angleterre,"Southampton   "
262,Japon,46,15,Yasuyuki Konno,2. Defenseur,25 janvier 1983,31,80,Japon,"Gamba Osaka  "
263,Japon,46,5,Yuto Nagatomo,2. Defenseur,12 septembre 1986,27,69,Italie,"Internazionale   "
264,Japon,46,8,Hiroshi Kiyotake,3. Milieu,12 novembre 1989,24,25,Allemagne,"1. FC Nürnberg "
265,Japon,46,16,Hotaru Yamaguchi,3. Milieu,6 octobre 1990,23,11,Japon,"Cerezo Osaka  "
266,Japon,46,4,Keisuke Honda,3. Milieu,13 juin 1986,27,55,Italie,"Milan   "
267,Japon,46,17,Makoto Hasebe (c),3. Milieu,18 janvier 1984,30,78,Allemagne,"1. FC Nürnberg "
268,Japon,46,10,Shinji Kagawa,3. Milieu,17 mars 1989,25,56,Angleterre,"Manchester United  "
269,Japon,46,14,Toshihiro Aoyama,3. Milieu,22 février 1986,28,5,Japon,"Sanfrecce Hiroshima  "
270,Japon,46,7,Yasuhito Endō,3. Milieu,28 janvier 1980,34,143,Japon,"Gamba Osaka  "
271,Japon,46,20,Manabu Saitō,4. Attaquant,4 avril 1990,24,4,Japon,"Yokohama F. Marinos "
272,Japon,46,9,Shinji Okazaki,4. Attaquant,16 avril 1986,28,75,Allemagne,"Mainz 5  "
273,Japon,46,11,Yoichiro Kakitani,4. Attaquant,3 janvier 1990,24,11,Japon,"Cerezo Osaka  "
274,Japon,46,13,Yoshito Ōkubo,4. Attaquant,9 juin 1982,31,56,Japon,"Kawasaki Frontale  "
275,Japon,46,18,Yuya Osako,4. Attaquant,18 mai 1990,24,8,Allemagne,"1860 München  "
276,Angleterre,10,13,Ben Foster,1. Gardien,3 mai 1983,31,6,Angleterre,"West Bromwich Albion "
277,Angleterre,10,22,Fraser Forster,1. Gardien,17 mars 1988,26,1,Ecosse,"Celtic   "
278,Angleterre,10,1,Joe Hart,1. Gardien,19 mai 1987,27,40,Angleterre,"Manchester City  "
279,Angleterre,10,12,Chris Smalling,2. Defenseur,22 novembre 1989,24,11,Angleterre,"Manchester United  "
280,Angleterre,10,5,Gary Cahill,2. Defenseur,19 décembre 1985,28,23,Angleterre,"Chelsea   "
281,Angleterre,10,2,Glen Johnson,2. Defenseur,23 août 1984,29,51,Angleterre,"Liverpool   "
282,Angleterre,10,3,Leighton Baines,2. Defenseur,11 décembre 1984,29,23,Angleterre,"Everton   "
283,Angleterre,10,23,Luke Shaw,2. Defenseur,12 juillet 1995,18,1,Angleterre,"Southampton   "
284,Angleterre,10,6,Phil Jagielka,2. Defenseur,17 août 1982,31,25,Angleterre,"Everton   "
285,Angleterre,10,16,Phil Jones,2. Defenseur,21 février 1992,22,9,Angleterre,"Manchester United  "
286,Angleterre,10,20,Adam Lallana,3. Milieu,10 mai 1988,26,4,Angleterre,"Southampton   "
287,Angleterre,10,15,Alex Oxlade-Chamberlain,3. Milieu,15 août 1993,20,14,Angleterre,"Arsenal   "
288,Angleterre,10,8,Frank Lampard,3. Milieu,20 juin 1978,35,103,Angleterre,"Chelsea   "
289,Angleterre,10,7,Jack Wilshere,3. Milieu,1 janvier 1992,22,16,Angleterre,"Arsenal   "
290,Angleterre,10,17,James Milner,3. Milieu,4 janvier 1986,28,46,Angleterre,"Manchester City  "
291,Angleterre,10,14,Jordan Henderson,3. Milieu,17 juin 1990,23,9,Angleterre,"Liverpool   "
292,Angleterre,10,19,Raheem Sterling,3. Milieu,8 décembre 1994,19,3,Angleterre,"Liverpool   "
293,Angleterre,10,21,Ross Barkley,3. Milieu,5 décembre 1993,20,4,Angleterre,"Everton   "
294,Angleterre,10,4,Steven Gerrard (c),3. Milieu,30 mai 1980,34,110,Angleterre,"Liverpool   "
295,Angleterre,10,9,Daniel Sturridge,4. Attaquant,1 septembre 1989,24,11,Angleterre,"Liverpool   "
296,Angleterre,10,11,Danny Welbeck,4. Attaquant,26 novembre 1990,23,22,Angleterre,"Manchester United  "
297,Angleterre,10,18,Rickie Lambert,4. Attaquant,16 février 1982,32,4,Angleterre,"Southampton   "
298,Angleterre,10,10,Wayne Rooney,4. Attaquant,24 octobre 1985,28,90,Angleterre,"Manchester United  "
299,Costa Rica,28,23,Daniel Cambronero,1. Gardien,8 janvier 1986,28,2,Costa Rica,"Herediano   "
300,Costa Rica,28,1,Keylor Navas,1. Gardien,15 décembre 1986,27,53,Espagne,"Levante   "
301,Costa Rica,28,18,Patrick Pemberton,1. Gardien,24 avril 1982,32,21,Costa Rica,"Alajuelense   "
302,Costa Rica,28,16,Cristian Gamboa,2. Defenseur,24 octobre 1989,24,24,Norvege,"Rosenborg   "
303,Costa Rica,28,3,Giancarlo Gonzalez,2. Defenseur,8 février 1988,26,34,Etats-Unis,"Columbus Crew  "
304,Costa Rica,28,8,Heiner Mora,2. Defenseur,20 juin 1984,29,22,Costa Rica,"Saprissa   "
305,Costa Rica,28,2,Johnny Acosta,2. Defenseur,21 juillet 1983,30,27,Costa Rica,"Alajuelense   "
306,Costa Rica,28,15,Junior Diaz,2. Defenseur,12 septembre 1983,30,58,Allemagne,"Mainz 5  "
307,Costa Rica,28,4,Michael Umana,2. Defenseur,16 juillet 1982,31,79,Costa Rica,"Saprissa   "
308,Costa Rica,28,6,Oscar Duarte,2. Defenseur,3 juin 1989,25,11,Belgique,"Club Brugge  "
309,Costa Rica,28,19,Roy Miller,2. Defenseur,24 novembre 1984,29,47,Etats-Unis,New York Red Bulls
310,Costa Rica,28,12,Waylon Francis,2. Defenseur,20 septembre 1990,23,1,Etats-Unis,"Columbus Crew  "
311,Costa Rica,28,5,Celso Borges,3. Milieu,27 mai 1988,26,63,Suede,"AIK   "
312,Costa Rica,28,7,Christian Bolanos,3. Milieu,17 mai 1984,30,55,Danemark,"Copenhagen   "
313,Costa Rica,28,20,Diego Calvo,3. Milieu,25 mars 1991,23,10,Norvege,"Vålerenga   "
314,Costa Rica,28,13,Esteban Granados,3. Milieu,25 octobre 1985,28,11,Costa Rica,"Herediano   "
315,Costa Rica,28,22,Jose Miguel Cubero,3. Milieu,14 février 1987,27,36,Costa Rica,"Herediano   "
316,Costa Rica,28,11,Michael Barrantes,3. Milieu,4 octobre 1983,30,51,Norvege,"Aalesund   "
317,Costa Rica,28,17,Yeltsin Tejeda,3. Milieu,17 mars 1992,22,22,Costa Rica,"Saprissa   "
318,Costa Rica,28,10,Bryan Ruiz (c),4. Attaquant,18 août 1985,28,62,Pays-Bas,"PSV   "
319,Costa Rica,28,9,Joel Campbell,4. Attaquant,26 juin 1992,21,33,Grece,"Olympiacos   "
320,Costa Rica,28,21,Marco Urena,4. Attaquant,5 mars 1990,24,25,Russie,"Kuban Krasnodar  "
321,Costa Rica,28,14,Randall Brenes,4. Attaquant,13 août 1983,30,37,Costa Rica,"Cartagines   "
322,Italie,9,1,Gianluigi Buffon (c),1. Gardien,28 janvier 1978,36,139,Italie,"Juventus   "
323,Italie,9,13,Mattia Perin,1. Gardien,10 novembre 1992,21,0,Italie,"Genoa   "
324,Italie,9,12,Salvatore Sirigu,1. Gardien,12 janvier 1987,27,8,France,"Paris Saint-Germain  "
325,Italie,9,15,Andrea Barzagli,2. Defenseur,8 mai 1981,33,47,Italie,"Juventus   "
326,Italie,9,20,Gabriel Paletta,2. Defenseur,15 février 1986,28,2,Italie,"Parma   "
327,Italie,9,3,Giorgio Chiellini,2. Defenseur,14 août 1984,29,67,Italie,"Juventus   "
328,Italie,9,7,Ignazio Abate,2. Defenseur,12 novembre 1986,27,19,Italie,"Milan   "
329,Italie,9,19,Leonardo Bonucci,2. Defenseur,1 mai 1987,27,36,Italie,"Juventus   "
330,Italie,9,4,Matteo Darmian,2. Defenseur,2 décembre 1989,24,1,Italie,"Torino   "
331,Italie,9,2,Mattia De Sciglio,2. Defenseur,20 octobre 1992,21,10,Italie,"Milan   "
332,Italie,9,14,Alberto Aquilani,3. Milieu,7 juillet 1984,29,34,Italie,"Fiorentina   "
333,Italie,9,21,Andrea Pirlo,3. Milieu,19 mai 1979,35,108,Italie,"Juventus   "
334,Italie,9,6,Antonio Candreva,3. Milieu,28 février 1987,27,19,Italie,"Lazio   "
335,Italie,9,8,Claudio Marchisio,3. Milieu,19 janvier 1986,28,43,Italie,"Juventus   "
336,Italie,9,16,Daniele De Rossi,3. Milieu,24 juillet 1983,30,94,Italie,"Roma   "
337,Italie,9,18,Marco Parolo,3. Milieu,25 janvier 1985,29,3,Italie,"Parma   "
338,Italie,9,23,Marco Verratti,3. Milieu,5 novembre 1992,21,5,France,"Paris Saint-Germain  "
339,Italie,9,5,Thiago Motta,3. Milieu,28 août 1982,31,20,France,"Paris Saint-Germain  "
340,Italie,9,11,Alessio Cerci,4. Attaquant,23 juillet 1987,26,11,Italie,"Torino   "
341,Italie,9,10,Antonio Cassano,4. Attaquant,12 juillet 1982,31,36,Italie,"Parma   "
342,Italie,9,17,Ciro Immobile,4. Attaquant,20 février 1990,24,2,Italie,"Torino   "
343,Italie,9,22,Lorenzo Insigne,4. Attaquant,4 juin 1991,23,4,Italie,"Napoli   "
344,Italie,9,9,Mario Balotelli,4. Attaquant,12 août 1990,23,29,Italie,"Milan   "
345,Uruguay,7,1,Fernando Muslera,1. Gardien,16 juin 1986,27,57,Turquie,"Galatasaray   "
346,Uruguay,7,23,Martin Silva,1. Gardien,25 mars 1983,31,4,Bresil,"Vasco da Gama "
347,Uruguay,7,12,Rodrigo Munoz,1. Gardien,22 janvier 1982,32,0,Paraguay,"Libertad   "
348,Uruguay,7,3,Diego Godin,2. Defenseur,16 février 1986,28,76,Espagne,"Atletico Madrid  "
349,Uruguay,7,2,Diego Lugano (c),2. Defenseur,2 novembre 1980,33,93,Angleterre,"West Bromwich Albion "
350,Uruguay,7,13,Jorge Fucile,2. Defenseur,19 novembre 1984,29,41,Portugal,"Porto   "
351,Uruguay,7,19,Jose Maria Gimenez,2. Defenseur,20 janvier 1995,19,5,Espagne,"Atletico Madrid  "
352,Uruguay,7,22,Martin Caceres,2. Defenseur,7 avril 1987,27,56,Italie,"Juventus   "
353,Uruguay,7,16,Maxi Pereira,2. Defenseur,8 juin 1984,29,89,Portugal,"Benfica   "
354,Uruguay,7,4,Sebastian Coates,2. Defenseur,7 octobre 1990,23,14,Uruguay,"Nacional   "
355,Uruguay,7,20,alvaro Gonzalez,3. Milieu,29 octobre 1984,29,42,Italie,"Lazio   "
356,Uruguay,7,6,alvaro Pereira,3. Milieu,28 novembre 1985,28,56,Bresil,"São Paulo  "
357,Uruguay,7,7,Cristian Rodriguez,3. Milieu,30 septembre 1985,28,72,Espagne,"Atletico Madrid  "
358,Uruguay,7,15,Diego Perez,3. Milieu,18 mai 1980,34,89,Italie,"Bologna   "
359,Uruguay,7,17,Egidio Arevalo Rios,3. Milieu,1 janvier 1982,32,54,Mexique,"Morelia   "
360,Uruguay,7,18,Gaston Ramirez,3. Milieu,2 décembre 1990,23,28,Angleterre,"Southampton   "
361,Uruguay,7,14,Nicolas Lodeiro,3. Milieu,21 mars 1989,25,26,Bresil,"Botafogo   "
362,Uruguay,7,5,Walter Gargano,3. Milieu,23 juillet 1984,29,62,Italie,"Parma   "
363,Uruguay,7,8,Abel Hernandez,4. Attaquant,8 août 1990,23,12,Italie,"Palermo   "
364,Uruguay,7,11,Christian Stuani,4. Attaquant,12 octobre 1986,27,9,Espagne,"Espanyol   "
365,Uruguay,7,10,Diego Forlan,4. Attaquant,19 mai 1979,35,109,Japon,"Cerezo Osaka  "
366,Uruguay,7,21,Edinson Cavani,4. Attaquant,14 février 1987,27,61,France,"Paris Saint-Germain  "
367,Uruguay,7,9,Luis Suarez,4. Attaquant,24 janvier 1987,27,77,Angleterre,"Liverpool   "
368,Equateur,26,12,Adrian Bone,1. Gardien,8 septembre 1988,25,3,Equateur,"El Nacional  "
369,Equateur,26,22,Alexander Dominguez,1. Gardien,5 juin 1987,27,18,Equateur,"LDU Quito  "
370,Equateur,26,1,Maximo Banguera,1. Gardien,16 décembre 1985,28,24,Equateur,"Barcelona   "
371,Equateur,26,3,Frickson Erazo,2. Defenseur,5 mai 1988,26,36,Bresil,"Flamengo   "
372,Equateur,26,21,Gabriel Achilier,2. Defenseur,24 mars 1985,29,22,Equateur,"Emelec   "
373,Equateur,26,2,Jorge Guagua,2. Defenseur,28 septembre 1981,32,58,Equateur,"Emelec   "
374,Equateur,26,4,Juan Carlos Paredes,2. Defenseur,8 juillet 1987,26,37,Equateur,"Barcelona   "
375,Equateur,26,18,oscar Bagüi,2. Defenseur,10 décembre 1982,31,21,Equateur,"Emelec   "
376,Equateur,26,10,Walter Ayovi,2. Defenseur,11 août 1979,34,89,Mexique,"Pachuca   "
377,Equateur,26,16,Antonio Valencia (c),3. Milieu,4 août 1985,28,70,Angleterre,"Manchester United  "
378,Equateur,26,23,Carlos Gruezo,3. Milieu,19 avril 1995,19,2,Allemagne,"VfB Stuttgart  "
379,Equateur,26,6,Christian Noboa,3. Milieu,9 avril 1985,29,41,Russie,"Dynamo Moscow  "
380,Equateur,26,8,Edison Mendez,3. Milieu,15 mars 1979,35,109,Colombie,"Santa Fe  "
381,Equateur,26,20,Fidel Martinez,3. Milieu,15 février 1990,24,8,Mexique,"Tijuana   "
382,Equateur,26,7,Jefferson Montero,3. Milieu,1 septembre 1989,24,39,Mexique,"Morelia   "
383,Equateur,26,9,Joao Rojas,3. Milieu,14 juin 1989,24,29,Mexique,"Cruz Azul  "
384,Equateur,26,19,Luis Saritama,3. Milieu,20 octobre 1983,30,48,Equateur,"Barcelona   "
385,Equateur,26,15,Michael Arroyo,3. Milieu,23 avril 1987,27,20,Mexique,"Atlante   "
386,Equateur,26,5,Renato Ibarra,3. Milieu,20 janvier 1991,23,17,Pays-Bas,"Vitesse   "
387,Equateur,26,14,Segundo Castillo,3. Milieu,15 mai 1982,32,81,Arabie Saoudite,"Al-Hilal   "
388,Equateur,26,13,Enner Valencia,4. Attaquant,11 avril 1989,25,9,Mexique,"Pachuca   "
389,Equateur,26,11,Felipe Caicedo,4. Attaquant,5 septembre 1988,25,49,EAU,"Al-Jazira   "
390,Equateur,26,17,Jaime Ayovi,4. Attaquant,21 février 1988,26,30,Mexique,"Tijuana   "
391,France,17,1,Hugo Lloris (c),1. Gardien,26 décembre 1986,27,56,Angleterre,"Tottenham Hotspur  "
392,France,17,23,Mickael Landreau,1. Gardien,14 mai 1979,35,11,France,"Bastia   "
393,France,17,16,Stephane Ruffier,1. Gardien,27 septembre 1986,27,2,France,"Saint-etienne   "
394,France,17,15,Bacary Sagna,2. Defenseur,14 février 1983,31,40,Angleterre,"Arsenal   "
395,France,17,13,Eliaquim Mangala,2. Defenseur,13 février 1991,23,3,Portugal,"Porto   "
396,France,17,21,Laurent Koscielny,2. Defenseur,10 septembre 1985,28,17,Angleterre,"Arsenal   "
397,France,17,17,Lucas Digne,2. Defenseur,20 juillet 1993,20,2,France,"Paris Saint-Germain  "
398,France,17,5,Mamadou Sakho,2. Defenseur,13 février 1990,24,18,Angleterre,"Liverpool   "
399,France,17,2,Mathieu Debuchy,2. Defenseur,28 juillet 1985,28,20,Angleterre,"Newcastle United  "
400,France,17,3,Patrice Evra,2. Defenseur,15 mai 1981,33,57,Angleterre,"Manchester United  "
401,France,17,4,Raphael Varane,2. Defenseur,25 avril 1993,21,5,Espagne,"Real Madrid  "
402,France,17,11,Antoine Griezmann,3. Milieu,21 mars 1991,23,3,Espagne,"Real Sociedad  "
403,France,17,14,Blaise Matuidi,3. Milieu,9 avril 1987,27,22,France,"Paris Saint-Germain  "
404,France,17,22,Morgan Schneiderlin,3. Milieu,8 novembre 1989,24,1,Angleterre,"Southampton   "
405,France,17,7,Remy Cabella,3. Milieu,8 mars 1990,24,1,France,Montpellier
406,France,17,8,Mathieu Valbuena,3. Milieu,28 septembre 1984,29,33,France,"Marseille   "
407,France,17,18,Moussa Sissoko,3. Milieu,16 août 1989,24,16,Angleterre,"Newcastle United  "
408,France,17,19,Paul Pogba,3. Milieu,15 mars 1993,21,10,Italie,"Juventus   "
409,France,17,12,Rio Mavuba,3. Milieu,8 mars 1984,30,11,France,"Lille   "
410,France,17,6,Yohan Cabaye,3. Milieu,14 janvier 1986,28,29,France,"Paris Saint-Germain  "
411,France,17,10,Karim Benzema,4. Attaquant,19 décembre 1987,26,65,Espagne,"Real Madrid  "
412,France,17,20,Loec Remy,4. Attaquant,2 janvier 1987,27,24,Angleterre,"Newcastle United  "
413,France,17,9,Olivier Giroud,4. Attaquant,30 septembre 1986,27,29,Angleterre,"Arsenal   "
414,Honduras,33,22,Donis Escober,1. Gardien,3 février 1980,34,26,Honduras,"Olimpia   "
415,Honduras,33,1,Luis Lopez,1. Gardien,13 septembre 1993,20,0,Honduras,"Real Espana  "
416,Honduras,33,18,Noel Valladares (c),1. Gardien,3 mai 1977,37,121,Honduras,"Olimpia   "
417,Honduras,33,23,Brayan Beckeles,2. Defenseur,28 novembre 1985,28,22,Honduras,"Olimpia   "
418,Honduras,33,7,Emilio Izaguirre,2. Defenseur,10 mai 1986,28,67,Ecosse,"Celtic   "
419,Honduras,33,6,Juan Carlos Garcia,2. Defenseur,8 mars 1988,26,33,Angleterre,"Wigan Athletic  "
420,Honduras,33,4,Juan Pablo Montes,2. Defenseur,26 octobre 1985,28,11,Honduras,"Motagua   "
421,Honduras,33,3,Maynor Figueroa,2. Defenseur,2 mai 1983,31,104,Angleterre,"Hull City  "
422,Honduras,33,2,Osman Chavez,2. Defenseur,29 juillet 1984,29,54,Chine,"Qingdao Jonoon  "
423,Honduras,33,5,Victor Bernardez,2. Defenseur,24 mai 1982,32,77,Etats-Unis,"San Jose Earthquakes "
424,Honduras,33,21,Andy Najar,3. Milieu,16 mars 1993,21,16,Belgique,"Anderlecht   "
425,Honduras,33,12,Edder Delgado,3. Milieu,20 novembre 1986,27,25,Honduras,"Real Espana  "
426,Honduras,33,20,Jorge Claros,3. Milieu,8 janvier 1986,28,48,Honduras,"Motagua   "
427,Honduras,33,19,Luis Garrido,3. Milieu,5 novembre 1990,23,19,Honduras,"Olimpia   "
428,Honduras,33,10,Mario Martinez,3. Milieu,30 juillet 1989,24,35,Honduras,"Real Espana  "
429,Honduras,33,17,Marvin Chavez,3. Milieu,3 novembre 1983,30,41,Etats-Unis,"Chivas USA  "
430,Honduras,33,14,oscar Garcia,3. Milieu,4 septembre 1984,29,92,Etats-Unis,"Houston Dynamo  "
431,Honduras,33,15,Roger Espinoza,3. Milieu,25 octobre 1986,27,41,Angleterre,"Wigan Athletic  "
432,Honduras,33,8,Wilson Palacios,3. Milieu,29 juillet 1984,29,94,Angleterre,"Stoke City  "
433,Honduras,33,13,Carlo Costly,4. Attaquant,18 juillet 1982,31,69,Honduras,"Real Espana  "
434,Honduras,33,11,Jerry Bengtson,4. Attaquant,8 avril 1987,27,43,Etats-Unis,"New Angleterre Revolution "
435,Honduras,33,9,Jerry Palacios,4. Attaquant,1 novembre 1981,32,23,Costa Rica,"Alajuelense   "
436,Honduras,33,16,Rony Martinez,4. Attaquant,16 octobre 1988,25,12,Honduras,"Real Sociedad  "
437,Suisse,6,1,Diego Benaglio,1. Gardien,8 septembre 1983,30,56,Allemagne,"VfL Wolfsburg  "
438,Suisse,6,21,Roman Bürki,1. Gardien,14 novembre 1990,23,0,Suisse,"Grasshopper   "
439,Suisse,6,12,Yann Sommer,1. Gardien,17 décembre 1988,25,6,Suisse,"Basel   "
440,Suisse,6,22,Fabian Schär,2. Defenseur,20 décembre 1991,22,5,Suisse,"Basel   "
441,Suisse,6,20,Johan Djourou,2. Defenseur,18 janvier 1987,27,44,Allemagne,"Hamburger SV  "
442,Suisse,6,6,Michael Lang,2. Defenseur,8 février 1991,23,5,Suisse,"Grasshopper   "
443,Suisse,6,4,Philippe Senderos,2. Defenseur,14 février 1985,29,53,Espagne,"Valencia   "
444,Suisse,6,3,Reto Ziegler,2. Defenseur,16 janvier 1986,28,35,Italie,"Sassuolo   "
445,Suisse,6,13,Ricardo Rodriguez,2. Defenseur,25 août 1992,21,20,Allemagne,"VfL Wolfsburg  "
446,Suisse,6,2,Stephan Lichtsteiner,2. Defenseur,16 janvier 1984,30,62,Italie,"Juventus   "
447,Suisse,6,5,Steve von Bergen,2. Defenseur,10 juin 1983,30,40,Suisse,"Young Boys  "
448,Suisse,6,15,Blerim Dzemaili,3. Milieu,12 avril 1986,28,33,Italie,"Napoli   "
449,Suisse,6,16,Gelson Fernandes,3. Milieu,2 septembre 1986,27,47,Allemagne,"SC Freiburg  "
450,Suisse,6,8,Gökhan Inler (c),3. Milieu,27 juin 1984,29,71,Italie,"Napoli   "
451,Suisse,6,10,Granit Xhaka,3. Milieu,27 septembre 1992,21,25,Allemagne,"Borussia Mönchengladbach  "
452,Suisse,6,7,Tranquillo Barnetta,3. Milieu,22 mai 1985,29,73,Allemagne,"Eintracht Frankfurt  "
453,Suisse,6,14,Valentin Stocker,3. Milieu,12 avril 1989,25,23,Suisse,"Basel   "
454,Suisse,6,11,Valon Behrami,3. Milieu,19 avril 1985,29,47,Italie,"Napoli   "
455,Suisse,6,23,Xherdan Shaqiri,3. Milieu,10 octobre 1991,22,32,Allemagne,"Bayern Munich  "
456,Suisse,6,18,Admir Mehmedi,4. Attaquant,16 mars 1991,23,20,Allemagne,"SC Freiburg  "
457,Suisse,6,9,Haris Seferovic,4. Attaquant,22 février 1992,22,10,Espagne,"Real Sociedad  "
458,Suisse,6,19,Josip Drmic,4. Attaquant,8 août 1992,21,6,Allemagne,"1. FC Nürnberg "
459,Suisse,6,17,Mario Gavranovic,4. Attaquant,24 novembre 1989,24,10,Suisse,"Zürich   "
460,Argentine,5,12,Agustin Orion,1. Gardien,26 juillet 1981,32,3,Argentine,"Boca Juniors  "
461,Argentine,5,21,Mariano Andujar,1. Gardien,30 juillet 1983,30,10,Italie,"Catania   "
462,Argentine,5,1,Sergio Romero,1. Gardien,22 février 1987,27,45,France,"Monaco   "
463,Argentine,5,2,Ezequiel Garay,2. Defenseur,10 octobre 1986,27,18,Portugal,"Benfica   "
464,Argentine,5,17,Federico Fernandez,2. Defenseur,21 février 1989,25,24,Italie,"Napoli   "
465,Argentine,5,3,Hugo Campagnaro,2. Defenseur,27 juin 1980,33,13,Italie,"Internazionale   "
466,Argentine,5,23,Jose Maria Basanta,2. Defenseur,3 avril 1984,30,8,Mexique,"Monterrey   "
467,Argentine,5,16,Marcos Rojo,2. Defenseur,20 mars 1990,24,20,Portugal,"Sporting   "
468,Argentine,5,15,Martin Demichelis,2. Defenseur,20 décembre 1980,33,37,Angleterre,"Manchester City  "
469,Argentine,5,4,Pablo Zabaleta,2. Defenseur,16 janvier 1985,29,36,Angleterre,"Manchester City  "
470,Argentine,5,7,angel di Maria,3. Milieu,14 février 1988,26,45,Espagne,"Real Madrid  "
471,Argentine,5,13,Augusto Fernandez,3. Milieu,10 avril 1986,28,7,Espagne,"Celta Vigo  "
472,Argentine,5,8,Enzo Perez,3. Milieu,22 février 1986,28,5,Portugal,"Benfica   "
473,Argentine,5,5,Fernando Gago,3. Milieu,10 avril 1986,28,47,Argentine,"Boca Juniors  "
474,Argentine,5,14,Javier Mascherano,3. Milieu,8 juin 1984,29,96,Espagne,"Barcelona   "
475,Argentine,5,6,Lucas Biglia,3. Milieu,30 janvier 1986,28,16,Italie,"Lazio   "
476,Argentine,5,11,Maxi Rodriguez,3. Milieu,2 janvier 1981,33,53,Argentine,"Newell's Old Boys "
477,Argentine,5,19,Ricardo alvarez,3. Milieu,12 avril 1988,26,5,Italie,"Internazionale   "
478,Argentine,5,22,Ezequiel Lavezzi,4. Attaquant,3 mai 1985,29,29,France,"Paris Saint-Germain  "
479,Argentine,5,9,Gonzalo Higuain,4. Attaquant,10 décembre 1987,26,36,Italie,"Napoli   "
480,Argentine,5,10,Lionel Messi (c),4. Attaquant,24 juin 1987,26,84,Espagne,"Barcelona   "
481,Argentine,5,18,Rodrigo Palacio,4. Attaquant,5 février 1982,32,15,Italie,"Internazionale   "
482,Argentine,5,20,Sergio Agüero,4. Attaquant,2 juin 1988,26,50,Angleterre,"Manchester City  "
483,Bosnie-Herzegovine,21,22,Asmir Avdukic,1. Gardien,13 mai 1981,33,3,Bosnie-Herzegovine,and Herzegovina Borac Banja
484,Bosnie-Herzegovine,21,1,Asmir Begovic,1. Gardien,20 juin 1987,26,30,Angleterre,"Stoke City  "
485,Bosnie-Herzegovine,21,12,Jasmin Fejzic,1. Gardien,15 mai 1986,28,0,Allemagne,"VfR Aalen  "
486,Bosnie-Herzegovine,21,2,Avdija Vrsajevic,2. Defenseur,6 mars 1986,28,13,Croatie,"Hajduk Split  "
487,Bosnie-Herzegovine,21,4,Emir Spahic (c),2. Defenseur,18 août 1980,33,74,Allemagne,"Bayer Leverkusen  "
488,Bosnie-Herzegovine,21,3,Ermin Bicakcic,2. Defenseur,24 janvier 1990,24,7,Allemagne,"Eintracht Braunschweig  "
489,Bosnie-Herzegovine,21,13,Mensur Mujdza,2. Defenseur,28 mars 1984,30,24,Allemagne,"SC Freiburg  "
490,Bosnie-Herzegovine,21,7,Muhamed Besic,2. Defenseur,10 septembre 1992,21,9,Hongrie,"Ferencvaros   "
491,Bosnie-Herzegovine,21,6,Ognjen Vranjes,2. Defenseur,24 octobre 1989,24,13,Turquie,"Elazığspor   "
492,Bosnie-Herzegovine,21,5,Sead Kolasinac,2. Defenseur,20 juin 1993,20,4,Allemagne,"Schalke 4  "
493,Bosnie-Herzegovine,21,15,Toni sunjic,2. Defenseur,15 décembre 1988,25,7,Ukraine,"Zorya Luhansk  "
494,Bosnie-Herzegovine,21,20,Anel Hadzic,3. Milieu,16 août 1989,24,2,Autriche,"Sturm Graz  "
495,Bosnie-Herzegovine,21,18,Haris Medunjanin,3. Milieu,8 mars 1985,29,35,Turquie,"Gaziantepspor   "
496,Bosnie-Herzegovine,21,14,Izet Hajrovic,3. Milieu,4 août 1991,22,7,Turquie,"Galatasaray   "
497,Bosnie-Herzegovine,21,8,Miralem Pjanic,3. Milieu,2 avril 1990,24,48,Italie,"Roma   "
498,Bosnie-Herzegovine,21,23,Sejad Salihovic,3. Milieu,8 octobre 1984,29,42,Allemagne,"1899 Hoffenheim  "
499,Bosnie-Herzegovine,21,16,Senad Lulic,3. Milieu,18 janvier 1986,28,33,Italie,"Lazio   "
500,Bosnie-Herzegovine,21,17,Senijad Ibricic,3. Milieu,26 septembre 1985,28,42,Turquie,"Kayseri Erciyesspor  "
501,Bosnie-Herzegovine,21,21,Tino-Sven Susic,3. Milieu,13 février 1992,22,2,Croatie,"Hajduk Split  "
502,Bosnie-Herzegovine,21,10,Zvjezdan Misimovic,3. Milieu,5 juin 1982,32,82,Chine,"Guizhou Renhe  "
503,Bosnie-Herzegovine,21,11,Edin Dzeko,4. Attaquant,17 mars 1986,28,62,Angleterre,"Manchester City  "
504,Bosnie-Herzegovine,21,19,Edin Visca,4. Attaquant,17 février 1990,24,10,Turquie,"İstanbul BB  "
505,Bosnie-Herzegovine,21,9,Vedad Ibisevic,4. Attaquant,6 août 1984,29,55,Allemagne,"VfB Stuttgart  "
506,Iran,43,12,Alireza Haghighi,1. Gardien,2 mai 1988,26,5,Portugal,"Sporting Covilhã  "
507,Iran,43,22,Daniel Davari,1. Gardien,6 janvier 1988,26,4,Allemagne,"Eintracht Braunschweig  "
508,Iran,43,1,Rahman Ahmadi,1. Gardien,30 juillet 1980,33,10,Iran,"Sepahan   "
509,Iran,43,17,Ahmad Alnameh,2. Defenseur,10 octobre 1982,31,9,Iran,"Naft Tehran  "
510,Iran,43,5,Amir Hossein Sadeghi,2. Defenseur,6 septembre 1981,32,16,Iran,"Esteghlal   "
511,Iran,43,19,Hashem Beikzadeh,2. Defenseur,22 janvier 1984,30,17,Iran,"Esteghlal   "
512,Iran,43,13,Hossein Mahini,2. Defenseur,16 septembre 1986,27,21,Iran,"Persepolis   "
513,Iran,43,4,Jalal Hosseini,2. Defenseur,3 février 1982,32,84,Iran,"Persepolis   "
514,Iran,43,23,Mehrdad Pouladi,2. Defenseur,26 février 1987,27,19,Iran,"Persepolis   "
515,Iran,43,15,Pejman Montazeri,2. Defenseur,6 septembre 1983,30,21,Qatar,"Umm Salal  "
516,Iran,43,20,Steven Beitashour,2. Defenseur,1 février 1987,27,6,Etats-Unis,"Vancouver Whitecaps  "
517,Iran,43,14,Andranik Teymourian,3. Milieu,6 mars 1983,31,78,Iran,"Esteghlal   "
518,Iran,43,21,Ashkan Dejagah,3. Milieu,5 juillet 1986,27,13,Angleterre,"Fulham   "
519,Iran,43,18,Bakhtiar Rahmani,3. Milieu,23 septembre 1991,22,4,Iran,"Foolad   "
520,Iran,43,3,Ehsan Hajsafi,3. Milieu,25 février 1990,24,61,Iran,"Sepahan   "
521,Iran,43,11,Ghasem Haddadifar,3. Milieu,12 juillet 1983,30,16,Iran,"Zob Ahan  "
522,Iran,43,6,Javad Nekounam (c),3. Milieu,7 octobre 1980,33,139,Koweit,"Al-Kuwait   "
523,Iran,43,2,Khosro Heydari,3. Milieu,14 septembre 1983,30,48,Iran,"Esteghlal   "
524,Iran,43,7,Masoud Shojaei,3. Milieu,9 juin 1984,29,49,Espagne,"Las Palmas  "
525,Iran,43,8,Reza Haghighi,3. Milieu,1 février 1989,25,7,Iran,"Persepolis   "
526,Iran,43,9,Alireza Jahanbakhsh,4. Attaquant,11 août 1993,20,6,Pays-Bas,"NEC   "
527,Iran,43,10,Karim Ansarifard,4. Attaquant,3 avril 1990,24,41,Iran,"Tractor Sazi  "
528,Iran,43,16,Reza Ghoochannejhad,4. Attaquant,20 septembre 1987,26,13,Angleterre,"Charlton Athletic  "
529,Nigeria,44,16,Austin Ejide,1. Gardien,8 avril 1984,30,32,Israel,"Hapoel Be'er Sheva "
530,Nigeria,44,21,Chigozie Agbim,1. Gardien,28 novembre 1984,29,11,Nigeria,"Gombe United  "
531,Nigeria,44,1,Vincent Enyeama (c),1. Gardien,29 août 1982,31,90,France,"Lille   "
532,Nigeria,44,6,Azubuike Egwuekwe,2. Defenseur,16 juillet 1989,24,32,Nigeria,"Warri Wolves  "
533,Nigeria,44,5,Efe Ambrose,2. Defenseur,18 octobre 1988,25,36,Ecosse,"Celtic   "
534,Nigeria,44,14,Go2. Defenseurrey Oboabona,2. Defenseur,16 août 1990,23,35,Turquie,"caykur Rizespor  "
535,Nigeria,44,2,Joseph Yobo,2. Defenseur,6 septembre 1980,33,96,Angleterre,"Norwich City  "
536,Nigeria,44,13,Juwon Oshaniwa,2. Defenseur,14 septembre 1990,23,10,Israel,"Ashdod   "
537,Nigeria,44,22,Kenneth Omeruo,2. Defenseur,17 octobre 1993,20,17,Angleterre,"Middlesbrough   "
538,Nigeria,44,12,Kunle Odunlami,2. Defenseur,5 mars 1990,24,10,Nigeria,"Sunshine Stars  "
539,Nigeria,44,3,Uwa Elderson Echiejile,2. Defenseur,20 janvier 1988,26,42,France,"Monaco   "
540,Nigeria,44,10,John Obi Mikel,3. Milieu,22 avril 1987,27,59,Angleterre,"Chelsea   "
541,Nigeria,44,18,Michael Babatunde,3. Milieu,24 décembre 1992,21,4,Ukraine,"Volyn Lutsk  "
542,Nigeria,44,17,Ogenyi Onazi,3. Milieu,25 décembre 1992,21,20,Italie,"Lazio   "
543,Nigeria,44,15,Ramon Azeez,3. Milieu,12 décembre 1992,21,1,Espagne,"Almeria   "
544,Nigeria,44,4,Reuben Gabriel,3. Milieu,25 septembre 1990,23,11,Belgique,"Waasland-Beveren   "
545,Nigeria,44,11,Victor Moses,3. Milieu,12 décembre 1990,23,20,Angleterre,"Liverpool   "
546,Nigeria,44,7,Ahmed Musa,4. Attaquant,14 octobre 1992,21,35,Russie,"CSKA Moscow  "
547,Nigeria,44,9,Emmanuel Emenike,4. Attaquant,10 mai 1987,27,22,Turquie,"Fenerbahce   "
548,Nigeria,44,20,Michael Uchebo,4. Attaquant,2 février 1990,24,3,Belgique,"Cercle Brugge  "
549,Nigeria,44,8,Peter Odemwingie,4. Attaquant,15 juillet 1981,32,60,Angleterre,"Stoke City  "
550,Nigeria,44,23,Shola Ameobi,4. Attaquant,12 octobre 1981,32,6,Angleterre,"Newcastle United  "
551,Nigeria,44,19,Uche Nwofor,4. Attaquant,17 septembre 1991,22,6,Pays-Bas,"Heerenveen   "
552,Allemagne,2,1,Manuel Neuer,1. Gardien,27 mars 1986,28,45,Allemagne,"Bayern Munich  "
553,Allemagne,2,22,Roman Weidenfeller,1. Gardien,6 août 1980,33,2,Allemagne,"Borussia Dortmund  "
554,Allemagne,2,12,Ron-Robert Zieler,1. Gardien,12 février 1989,25,3,Allemagne,"Hannover 96  "
555,Allemagne,2,4,Benedikt Höwedes,2. Defenseur,29 février 1988,26,20,Allemagne,"Schalke 4  "
556,Allemagne,2,15,Erik Durm,2. Defenseur,12 mai 1992,22,1,Allemagne,"Borussia Dortmund  "
557,Allemagne,2,20,Jerôme Boateng,2. Defenseur,3 septembre 1988,25,38,Allemagne,"Bayern Munich  "
558,Allemagne,2,2,Kevin Großkreutz,2. Defenseur,19 juillet 1988,25,4,Allemagne,"Borussia Dortmund  "
559,Allemagne,2,5,Mats Hummels,2. Defenseur,16 décembre 1988,25,29,Allemagne,"Borussia Dortmund  "
560,Allemagne,2,17,Per Mertesacker,2. Defenseur,29 septembre 1984,29,97,Angleterre,"Arsenal   "
561,Allemagne,2,16,Philipp Lahm (c),2. Defenseur,11 novembre 1983,30,105,Allemagne,"Bayern Munich  "
562,Allemagne,2,9,Andre Schürrle,3. Milieu,6 novembre 1990,23,32,Angleterre,"Chelsea   "
563,Allemagne,2,7,Bastian Schweinsteiger,3. Milieu,1 août 1984,29,101,Allemagne,"Bayern Munich  "
564,Allemagne,2,23,Christoph Kramer,3. Milieu,12 février 1991,23,2,Allemagne,"Borussia Mönchengladbach  "
565,Allemagne,2,14,Julian Draxler,3. Milieu,20 septembre 1993,20,11,Allemagne,"Schalke 4  "
566,Allemagne,2,19,Mario Götze,3. Milieu,3 juin 1992,22,28,Allemagne,"Bayern Munich  "
567,Allemagne,2,3,Matthias Ginter,3. Milieu,19 janvier 1994,20,2,Allemagne,"SC Freiburg  "
568,Allemagne,2,8,Mesut Özil,3. Milieu,15 octobre 1988,25,54,Angleterre,"Arsenal   "
569,Allemagne,2,6,Sami Khedira,3. Milieu,4 avril 1987,27,45,Espagne,"Real Madrid  "
570,Allemagne,2,13,Thomas Müller,3. Milieu,13 septembre 1989,24,48,Allemagne,"Bayern Munich  "
571,Allemagne,2,18,Toni Kroos,3. Milieu,4 janvier 1990,24,43,Allemagne,"Bayern Munich  "
572,Allemagne,2,10,Lukas Podolski,4. Attaquant,4 juin 1985,29,113,Angleterre,"Arsenal   "
573,Allemagne,2,11,Miroslav Klose,4. Attaquant,9 juin 1978,35,131,Italie,"Lazio   "
574,Allemagne,2,21,Shkodran Mustafi,Défenseur,17 avril 1992,22,1,Italie,Sampdoria
575,Etats-Unis,13,12,Brad Guzan,1. Gardien,9 septembre 1984,29,25,Angleterre,"Aston Villa  "
576,Etats-Unis,13,22,Nick Rimando,1. Gardien,17 juin 1979,34,14,Etats-Unis,"Real Salt Lake "
577,Etats-Unis,13,1,Tim Howard,1. Gardien,6 mars 1979,35,99,Angleterre,"Everton   "
578,Etats-Unis,13,7,DaMarcus Beasley,2. Defenseur,24 mai 1982,32,115,Mexique,"Puebla   "
579,Etats-Unis,13,2,DeAndre Yedlin,2. Defenseur,9 juillet 1993,20,4,Etats-Unis,"Seattle Sounders FC "
580,Etats-Unis,13,23,Fabian Johnson,2. Defenseur,11 décembre 1987,26,21,Allemagne,"1899 Hoffenheim  "
581,Etats-Unis,13,20,Geoff Cameron,2. Defenseur,11 juillet 1985,28,26,Angleterre,"Stoke City  "
582,Etats-Unis,13,6,John Brooks,2. Defenseur,28 janvier 1993,21,4,Allemagne,"Hertha BSC  "
583,Etats-Unis,13,5,Matt Besler,2. Defenseur,11 février 1987,27,16,Etats-Unis,"Sporting Kansas City "
584,Etats-Unis,13,3,Omar Gonzalez,2. Defenseur,11 octobre 1988,25,19,Etats-Unis,"Los Angeles Galaxy "
585,Etats-Unis,13,21,Timothy Chandler,2. Defenseur,29 mars 1990,24,12,Allemagne,"1. FC Nürnberg "
586,Etats-Unis,13,11,Alejandro Bedoya,3. Milieu,29 avril 1987,27,27,France,"Nantes   "
587,Etats-Unis,13,14,Brad Davis,3. Milieu,8 novembre 1981,32,16,Etats-Unis,"Houston Dynamo  "
588,Etats-Unis,13,19,Graham Zusi,3. Milieu,18 août 1986,27,22,Etats-Unis,"Sporting Kansas City "
589,Etats-Unis,13,13,Jermaine Jones,3. Milieu,3 novembre 1981,32,41,Turquie,"Besiktas   "
590,Etats-Unis,13,16,Julian Green,3. Milieu,6 juin 1995,19,2,Allemagne,"Bayern Munich  "
591,Etats-Unis,13,15,Kyle Beckerman,3. Milieu,23 avril 1982,32,36,Etats-Unis,"Real Salt Lake "
592,Etats-Unis,13,4,Michael Bradley,3. Milieu,31 juillet 1987,26,85,Etats-Unis,"Toronto FC  "
593,Etats-Unis,13,10,Mikkel Diskerud,3. Milieu,2 octobre 1990,23,19,Norvege,"Rosenborg   "
594,Etats-Unis,13,9,Aron Johannsson,4. Attaquant,10 novembre 1990,23,8,Pays-Bas,"AZ   "
595,Etats-Unis,13,18,Chris Wondolowski,4. Attaquant,28 janvier 1983,31,20,Etats-Unis,"San Jose Earthquakes "
596,Etats-Unis,13,8,Clint Dempsey (c),4. Attaquant,9 mars 1983,31,104,Etats-Unis,"Seattle Sounders FC "
597,Etats-Unis,13,17,Jozy Altidore,4. Attaquant,6 novembre 1989,24,69,Angleterre,"Sunderland   "
598,Ghana,37,12,Adam Kwarasey,1. Gardien,12 décembre 1987,26,21,Norvege,"Strømsgodset   "
599,Ghana,37,16,Fatau Dauda,1. Gardien,6 avril 1985,29,17,Afrique du Sud,"Orlando Pirates  "
600,Ghana,37,1,Steven Adams,1. Gardien,28 septembre 1989,24,7,Ghana,"Aduana Stars  "
601,Ghana,37,4,Daniel Opare,2. Defenseur,18 octobre 1990,23,16,Belgique,"Standard Liege  "
602,Ghana,37,23,Harrison Afful,2. Defenseur,24 juin 1986,27,40,Tunisie,"Esperance   "
603,Ghana,37,21,John Boye,2. Defenseur,23 avril 1987,27,29,France,"Rennes   "
604,Ghana,37,19,Jonathan Mensah,2. Defenseur,13 juillet 1990,23,26,France,"evian   "
605,Ghana,37,15,Rashid Sumaila,2. Defenseur,18 décembre 1992,21,6,Afrique du Sud,"Mamelodi Sundowns  "
606,Ghana,37,2,Samuel Inkoom,2. Defenseur,1 juin 1989,25,46,Grece,"Platanias   "
607,Ghana,37,6,Acquah Afriyie,3. Milieu,5 janvier 1992,22,4,Italie,"Parma   "
608,Ghana,37,14,Albert Adomah,3. Milieu,13 décembre 1987,26,14,Angleterre,"Middlesbrough   "
609,Ghana,37,10,Andre Ayew,3. Milieu,17 décembre 1989,24,48,France,"Marseille   "
610,Ghana,37,7,Christian Atsu,3. Milieu,10 janvier 1992,22,22,Pays-Bas,"Vitesse   "
611,Ghana,37,8,Emmanuel Agyemang-Badu,3. Milieu,2 décembre 1990,23,48,Italie,"Udinese   "
612,Ghana,37,20,Kwadwo Asamoah,3. Milieu,9 décembre 1988,25,61,Italie,"Juventus   "
613,Ghana,37,5,Michael Essien,3. Milieu,3 décembre 1982,31,57,Italie,"Milan   "
614,Ghana,37,17,Mohammed Rabiu,3. Milieu,31 décembre 1989,24,16,Russie,"Kuban Krasnodar  "
615,Ghana,37,11,Sulley Muntari,3. Milieu,27 août 1984,29,81,Italie,"Milan   "
616,Ghana,37,22,Wakaso Mubarak,3. Milieu,25 juillet 1990,23,16,Russie,"Rubin Kazan  "
617,Ghana,37,3,Asamoah Gyan (c),4. Attaquant,22 novembre 1985,28,78,EAU,"Al-Ain   "
618,Ghana,37,13,Jordan Ayew,4. Attaquant,11 septembre 1991,22,12,France,"Sochaux   "
619,Ghana,37,9,Kevin-Prince Boateng,4. Attaquant,6 mars 1987,27,12,Allemagne,"Schalke 4  "
620,Ghana,37,18,Majeed Waris,4. Attaquant,19 septembre 1991,22,9,France,"Valenciennes   "
621,Portugal,4,22,Beto,1. Gardien,1 mai 1982,32,7,Espagne,"Sevilla   "
622,Portugal,4,1,Eduardo,1. Gardien,19 septembre 1982,31,33,Portugal,"Braga   "
623,Portugal,4,12,Rui Patricio,1. Gardien,15 février 1988,26,29,Portugal,"Sporting   "
624,Portugal,4,19,Andre Almeida,2. Defenseur,10 septembre 1990,23,3,Portugal,"Benfica   "
625,Portugal,4,2,Bruno Alves,2. Defenseur,27 novembre 1981,32,71,Turquie,"Fenerbahce   "
626,Portugal,4,5,Fabio Coentrão,2. Defenseur,11 mars 1988,26,43,Espagne,"Real Madrid  "
627,Portugal,4,21,João Pereira,2. Defenseur,25 février 1984,30,35,Espagne,"Valencia   "
628,Portugal,4,14,Luis Neto,2. Defenseur,26 mai 1988,26,7,Russie,"Zenit Saint Petersburg "
629,Portugal,4,3,Pepe,2. Defenseur,26 février 1983,31,57,Espagne,"Real Madrid  "
630,Portugal,4,13,Ricardo Costa,2. Defenseur,16 mai 1981,33,18,Espagne,"Valencia   "
631,Portugal,4,8,João Moutinho,3. Milieu,8 septembre 1986,27,66,France,"Monaco   "
632,Portugal,4,4,Miguel Veloso,3. Milieu,11 mai 1986,28,47,Ukraine,"Dynamo Kyiv  "
633,Portugal,4,17,Nani,3. Milieu,17 novembre 1986,27,73,Angleterre,"Manchester United  "
634,Portugal,4,15,Rafa Silva,3. Milieu,17 mai 1993,21,2,Portugal,"Braga   "
635,Portugal,4,16,Raul Meireles,3. Milieu,17 mars 1983,31,73,Turquie,"Fenerbahce   "
636,Portugal,4,20,Ruben Amorim,3. Milieu,27 janvier 1985,29,11,Portugal,"Benfica   "
637,Portugal,4,18,Silvestre Varela,3. Milieu,2 février 1985,29,22,Portugal,"Porto   "
638,Portugal,4,10,Vieirinha,3. Milieu,24 janvier 1986,28,7,Allemagne,"VfL Wolfsburg  "
639,Portugal,4,6,William Carvalho,3. Milieu,7 avril 1992,22,3,Portugal,"Sporting   "
640,Portugal,4,7,Cristiano Ronaldo (c),4. Attaquant,5 février 1985,29,110,Espagne,"Real Madrid  "
641,Portugal,4,11,eder,4. Attaquant,22 décembre 1987,26,7,Portugal,"Braga   "
642,Portugal,4,23,Helder Postiga,4. Attaquant,2 août 1982,31,67,Italie,"Lazio   "
643,Portugal,4,9,Hugo Almeida,4. Attaquant,23 mai 1984,30,54,Turquie,"Besiktas   "
644,Algerie,22,1,Cedric Si Mohamed,1. Gardien,9 janvier 1985,29,1,Algerie,"CS Constantine  "
645,Algerie,22,16,Mohamed Zemmamouche,1. Gardien,19 mars 1985,29,7,Algerie,"USM Alger  "
646,Algerie,22,23,Raes M'Bolhi,1. Gardien,25 avril 1986,28,27,Bulgarie,"CSKA Sofia  "
647,Algerie,22,20,Aissa Mandi,2. Defenseur,22 octobre 1991,22,2,France,"Reims   "
648,Algerie,22,7,Carl Medjani,2. Defenseur,15 mai 1985,29,25,France,"Valenciennes   "
649,Algerie,22,6,Djamel Mesbah,2. Defenseur,9 octobre 1984,29,26,Italie,"Livorno   "
650,Algerie,22,4,Essaed Belkalem,2. Defenseur,1 janvier 1989,25,13,Angleterre,"Watford   "
651,Algerie,22,3,Faouzi Ghoulam,2. Defenseur,1 février 1991,23,5,Italie,"Napoli   "
652,Algerie,22,17,Liassine Cadamuro-Bentaeba,2. Defenseur,5 mars 1988,26,6,Espagne,"Mallorca   "
653,Algerie,22,2,Madjid Bougherra (c),2. Defenseur,7 octobre 1982,31,61,Qatar,"Lekhwiya   "
654,Algerie,22,5,Rafik Halliche,2. Defenseur,2 septembre 1986,27,28,Portugal,"Academica   "
655,Algerie,22,18,Abdelmoumene Djabou,3. Milieu,31 janvier 1987,27,76,Tunisie,"Club Africain  "
656,Algerie,22,8,Hassan Yebda,3. Milieu,14 mai 1984,30,24,Italie,"Udinese   "
657,Algerie,22,12,Medhi Lacen,3. Milieu,15 mai 1984,30,29,Espagne,"Getafe   "
658,Algerie,22,22,Mehdi Mostefa,3. Milieu,30 août 1983,30,22,France,"Ajaccio   "
659,Algerie,22,14,Nabil Bentaleb,3. Milieu,24 novembre 1994,19,2,Angleterre,"Tottenham Hotspur  "
660,Algerie,22,21,Riyad Mahrez,3. Milieu,21 février 1991,23,1,Angleterre,"Leicester City  "
661,Algerie,22,19,Saphir Taeder,3. Milieu,29 février 1992,22,10,Italie,"Internazionale   "
662,Algerie,22,10,Sofiane Feghouli,3. Milieu,26 décembre 1989,24,18,Espagne,"Valencia   "
663,Algerie,22,11,Yacine Brahimi,3. Milieu,8 février 1990,24,5,Espagne,"Granada   "
664,Algerie,22,15,El Arbi Hillel Soudani,4. Attaquant,25 novembre 1987,26,21,Croatie,"Dinamo Zagreb  "
665,Algerie,22,13,Islam Slimani,4. Attaquant,18 juin 1988,25,19,Portugal,"Sporting CP  "
666,Algerie,22,9,Nabil Ghilas,4. Attaquant,20 avril 1990,24,5,Portugal,"Porto   "
667,Belgique,11,13,Sammy Bossut,1. Gardien,11 août 1985,28,1,Belgique,"Zulte Waregem  "
668,Belgique,11,12,Simon Mignolet,1. Gardien,6 août 1988,25,14,Angleterre,"Liverpool   "
669,Belgique,11,1,Thibaut Courtois,1. Gardien,11 mai 1992,22,16,Espagne,"Atletico Madrid  "
670,Belgique,11,21,Anthony Vanden Borre,2. Defenseur,24 octobre 1987,26,25,Belgique,"Anderlecht   "
671,Belgique,11,15,Daniel Van Buyten,2. Defenseur,7 février 1978,36,79,Allemagne,"Bayern Munich  "
672,Belgique,11,5,Jan Vertonghen,2. Defenseur,24 avril 1987,27,56,Angleterre,"Tottenham Hotspur  "
673,Belgique,11,23,Laurent Ciman,2. Defenseur,5 août 1985,28,8,Belgique,"Standard Liege  "
674,Belgique,11,18,Nicolas Lombaerts,2. Defenseur,20 mars 1985,29,26,Russie,"Zenit Saint Petersburg "
675,Belgique,11,3,Thomas Vermaelen,2. Defenseur,14 novembre 1985,28,48,Angleterre,"Arsenal   "
676,Belgique,11,2,Toby Alderweireld,2. Defenseur,2 mars 1989,25,34,Espagne,"Atletico Madrid  "
677,Belgique,11,4,Vincent Kompany (c),2. Defenseur,10 avril 1986,28,59,Angleterre,"Manchester City  "
678,Belgique,11,20,Adnan Januzaj,3. Milieu,5 février 1995,19,1,Angleterre,"Manchester United  "
679,Belgique,11,6,Axel Witsel,3. Milieu,12 janvier 1989,25,48,Russie,"Zenit Saint Petersburg "
680,Belgique,11,10,Eden Hazard,3. Milieu,7 janvier 1991,23,45,Angleterre,"Chelsea   "
681,Belgique,11,7,Kevin De Bruyne,3. Milieu,28 juin 1991,22,22,Allemagne,"VfL Wolfsburg  "
682,Belgique,11,11,Kevin Mirallas,3. Milieu,5 octobre 1987,26,44,Angleterre,"Everton   "
683,Belgique,11,8,Marouane Fellaini,3. Milieu,22 novembre 1987,26,50,Angleterre,"Manchester United  "
684,Belgique,11,19,Mousa Dembele,3. Milieu,16 juillet 1987,26,55,Angleterre,"Tottenham Hotspur  "
685,Belgique,11,22,Nacer Chadli,3. Milieu,2 octobre 1989,24,20,Angleterre,"Tottenham Hotspur  "
686,Belgique,11,16,Steven Defour,3. Milieu,15 avril 1988,26,43,Portugal,"Porto   "
687,Belgique,11,17,Divock Origi,4. Attaquant,18 avril 1995,19,2,France,"Lille   "
688,Belgique,11,14,Dries Mertens,4. Attaquant,6 mai 1987,27,24,Italie,"Napoli   "
689,Belgique,11,9,Romelu Lukaku,4. Attaquant,13 mai 1993,21,29,Angleterre,"Everton   "
690,Coree du Sud,57,1,Jung Sung-Ryong,1. Gardien,4 janvier 1985,29,60,Coree du Sud,"Suwon Bluewings  "
691,Coree du Sud,57,21,Kim Seung-Gyu,1. Gardien,30 septembre 1990,23,5,Coree du Sud,"Ulsan Hyundai  "
692,Coree du Sud,57,23,Lee Bum-Young,1. Gardien,2 avril 1989,25,0,Coree du Sud,"Busan I'Park  "
693,Coree du Sud,57,20,Hong Jeong-Ho,2. Defenseur,12 août 1989,24,24,Allemagne,"FC Augsburg  "
694,Coree du Sud,57,6,Hwang Seok-Ho,2. Defenseur,27 juin 1989,24,3,Japon,"Sanfrecce Hiroshima  "
695,Coree du Sud,57,2,Kim Chang-Soo,2. Defenseur,12 septembre 1985,28,8,Japon,"Kashiwa Reysol  "
696,Coree du Sud,57,5,Kim Young-Gwon,2. Defenseur,27 février 1990,24,20,Chine,"Guangzhou Evergrande  "
697,Coree du Sud,57,4,Kwak Tae-Hwi,2. Defenseur,8 juillet 1981,32,34,Arabie Saoudite,"Al-Hilal   "
698,Coree du Sud,57,12,Lee Yong,2. Defenseur,24 décembre 1986,27,11,Coree du Sud,"Ulsan Hyundai  "
699,Coree du Sud,57,22,Park Joo-Ho,2. Defenseur,16 janvier 1987,27,13,Allemagne,"Mainz 5  "
700,Coree du Sud,57,3,Yun Suk-Young,2. Defenseur,13 février 1990,24,3,Angleterre,"Queens Park Rangers "
701,Coree du Sud,57,8,Ha Dae-Sung,3. Milieu,2 mars 1985,29,13,Chine,"Beijing Guoan  "
702,Coree du Sud,57,14,Han Kook-Young,3. Milieu,19 avril 1990,24,9,Japon,"Kashiwa Reysol  "
703,Coree du Sud,57,16,Ki Sung-Yueng,3. Milieu,24 janvier 1989,25,58,Angleterre,"Sunderland   "
704,Coree du Sud,57,7,Kim Bo-Kyung,3. Milieu,6 octobre 1989,24,27,Angleterre,"Cardiff City  "
705,Coree du Sud,57,13,Koo Ja-Cheol (c),3. Milieu,27 février 1989,25,36,Allemagne,"Mainz 5  "
706,Coree du Sud,57,17,Lee Chung-Yong,3. Milieu,2 juillet 1988,25,54,Angleterre,"Bolton Wanderers  "
707,Coree du Sud,57,15,Park Jong-Woo,3. Milieu,10 mars 1989,25,10,Chine,"Guangzhou R&F  "
708,Coree du Sud,57,19,Ji Dong-Won,4. Attaquant,28 mai 1991,23,27,Allemagne,"FC Augsburg  "
709,Coree du Sud,57,18,Kim Shin-Wook,4. Attaquant,14 avril 1988,26,26,Coree du Sud,"Ulsan Hyundai  "
710,Coree du Sud,57,11,Lee Keun-Ho,4. Attaquant,11 avril 1985,29,63,Coree du Sud,"Sangju Sangmu  "
711,Coree du Sud,57,10,Park Chu-Young,4. Attaquant,10 juillet 1985,28,63,Angleterre,"Watford   "
712,Coree du Sud,57,9,Son Heung-Min,4. Attaquant,8 juillet 1992,21,24,Allemagne,"Bayer Leverkusen  "
713,Russie,19,1,Igor Akinfeev,1. Gardien,8 avril 1986,28,67,Russie,"CSKA Moscow  "
714,Russie,19,16,Sergey Ryzhikov,1. Gardien,19 septembre 1980,33,1,Russie,"Rubin Kazan  "
715,Russie,19,12,Yuri Lodygin,1. Gardien,26 mai 1990,24,2,Russie,"Zenit Saint Petersburg "
716,Russie,19,2,Aleksei Kozlov,2. Defenseur,16 novembre 1986,27,10,Russie,"Dynamo Moscow  "
717,Russie,19,6,Andrei Semyonov,2. Defenseur,24 mars 1989,25,1,Russie,"Terek Grozny  "
718,Russie,19,22,Andrey Yeshchenko,2. Defenseur,9 février 1984,30,11,Russie,"Anzhi Makhachkala  "
719,Russie,19,23,Dmitri Kombarov,2. Defenseur,22 janvier 1987,27,21,Russie,"Spartak Moscow  "
720,Russie,19,3,Georgi Shchennikov,2. Defenseur,27 avril 1991,23,3,Russie,"CSKA Moscow  "
721,Russie,19,4,Sergei Ignashevich,2. Defenseur,14 juillet 1979,34,95,Russie,"CSKA Moscow  "
722,Russie,19,14,Vasili Berezutski,2. Defenseur,20 juin 1982,31,77,Russie,"CSKA Moscow  "
723,Russie,19,13,Vladimir Granat,2. Defenseur,22 mai 1987,27,4,Russie,"Dynamo Moscow  "
724,Russie,19,10,Alan Dzagoev,3. Milieu,17 juin 1990,23,31,Russie,"CSKA Moscow  "
725,Russie,19,8,Denis Glushakov,3. Milieu,27 janvier 1987,27,26,Russie,"Spartak Moscow  "
726,Russie,19,7,Igor Denisov,3. Milieu,17 mai 1984,30,42,Russie,"Dynamo Moscow  "
727,Russie,19,17,Oleg Shatov,3. Milieu,29 juillet 1990,23,6,Russie,"Zenit Saint Petersburg "
728,Russie,19,15,Pavel Mogilevets,3. Milieu,25 janvier 1993,21,1,Russie,"Rubin Kazan  "
729,Russie,19,20,Viktor Fayzulin,3. Milieu,22 avril 1986,28,18,Russie,"Zenit Saint Petersburg "
730,Russie,19,11,Aleksandr Kerzhakov,4. Attaquant,27 novembre 1982,31,79,Russie,"Zenit Saint Petersburg "
731,Russie,19,9,Aleksandr Kokorin,4. Attaquant,19 mars 1991,23,20,Russie,"Dynamo Moscow  "
732,Russie,19,19,Aleksandr Samedov,4. Attaquant,19 juillet 1984,29,16,Russie,"Lokomotiv Moscow  "
733,Russie,19,18,Aleksei Ionov,4. Attaquant,18 février 1989,25,5,Russie,"Dynamo Moscow  "
734,Russie,19,21,Maksim Kanunnikov,4. Attaquant,14 juillet 1991,22,2,Russie,"Rubin Kazan  "
735,Russie,19,5,Yuri Zhirkov,4. Attaquant,20 août 1983,30,59,Russie,"Dynamo Moscow  "
